number,SNP,CHR,BP,EigenGWAS_P,GWAS_log10P
7350,SL2.40ch01_75240000_75340000,1,75240000,0.0009278397,1.222053
7425,SL2.40ch01_75990000_76090000,1,75990000,0.0005948011,1.230054
7426,SL2.40ch01_76000000_76100000,1,76000000,0.0005804902,1.210567
7427,SL2.40ch01_76010000_76110000,1,76010000,0.0005544187,1.200132
7428,SL2.40ch01_76020000_76120000,1,76020000,0.000457101,1.321682
7429,SL2.40ch01_76030000_76130000,1,76030000,0.0001452479,1.25822
7430,SL2.40ch01_76040000_76140000,1,76040000,0.0001548037,1.271421
7431,SL2.40ch01_76050000_76150000,1,76050000,0.0001679048,1.280831
7432,SL2.40ch01_76060000_76160000,1,76060000,0.0001766907,1.345599
7433,SL2.40ch01_76070000_76170000,1,76070000,0.0002961887,1.360375
7434,SL2.40ch01_76080000_76180000,1,76080000,0.000244514,1.47422
7435,SL2.40ch01_76090000_76190000,1,76090000,0.0002759711,1.393662
7436,SL2.40ch01_76100000_76200000,1,76100000,0.0002803322,1.398804
7482,SL2.40ch01_76560000_76660000,1,76560000,0.0001007522,1.454932
7483,SL2.40ch01_76570000_76670000,1,76570000,0.0001117874,1.472508
7484,SL2.40ch01_76580000_76680000,1,76580000,0.0001179835,1.464857
7485,SL2.40ch01_76590000_76690000,1,76590000,0.0001195069,1.471073
7486,SL2.40ch01_76600000_76700000,1,76600000,0.0001141599,1.402932
7487,SL2.40ch01_76610000_76710000,1,76610000,0.0001388127,1.344671
7488,SL2.40ch01_76620000_76720000,1,76620000,0.0001122531,1.335755
7489,SL2.40ch01_76630000_76730000,1,76630000,0.0001301756,1.311111
7490,SL2.40ch01_76640000_76740000,1,76640000,0.0001387327,1.275131
7491,SL2.40ch01_76650000_76750000,1,76650000,0.0006382346,1.122571
7492,SL2.40ch01_76660000_76760000,1,76660000,0.0008658023,1.079509
7493,SL2.40ch01_76670000_76770000,1,76670000,0.0007894817,1.105434
7494,SL2.40ch01_76680000_76780000,1,76680000,0.0007754538,1.075652
7841,SL2.40ch01_80150000_80250000,1,80150000,0.0005827284,1.398059
7842,SL2.40ch01_80160000_80260000,1,80160000,0.0006260634,1.441967
7843,SL2.40ch01_80170000_80270000,1,80170000,0.0006141998,1.4926
7844,SL2.40ch01_80180000_80280000,1,80180000,0.0005818481,1.722355
7845,SL2.40ch01_80190000_80290000,1,80190000,0.0005600009,1.80115
7846,SL2.40ch01_80200000_80300000,1,80200000,0.0006220282,1.764921
7847,SL2.40ch01_80210000_80310000,1,80210000,0.0005707974,1.863239
7909,SL2.40ch01_80830000_80930000,1,80830000,0.001005917,1.538901
7910,SL2.40ch01_80840000_80940000,1,80840000,0.0005549734,1.630177
7911,SL2.40ch01_80850000_80950000,1,80850000,0.0008310255,1.637413
7912,SL2.40ch01_80860000_80960000,1,80860000,0.0008516475,1.653492
7941,SL2.40ch01_81150000_81250000,1,81150000,0.0006312117,2.314986
7942,SL2.40ch01_81160000_81260000,1,81160000,0.0006671629,2.28266
7943,SL2.40ch01_81170000_81270000,1,81170000,0.0005698116,2.267177
7944,SL2.40ch01_81180000_81280000,1,81180000,0.0006476722,2.137412
7945,SL2.40ch01_81190000_81290000,1,81190000,0.0007687723,1.88698
7946,SL2.40ch01_81200000_81300000,1,81200000,0.0004850517,1.617095
7947,SL2.40ch01_81210000_81310000,1,81210000,0.0004237025,1.46647
7948,SL2.40ch01_81220000_81320000,1,81220000,0.0004466518,1.278424
7949,SL2.40ch01_81230000_81330000,1,81230000,0.0004420595,1.336376
7950,SL2.40ch01_81240000_81340000,1,81240000,0.0004373181,1.233159
7951,SL2.40ch01_81250000_81350000,1,81250000,0.0004638328,1.151449
7952,SL2.40ch01_81260000_81360000,1,81260000,0.0004708916,1.073664
7953,SL2.40ch01_81270000_81370000,1,81270000,0.0005038174,1.068027
7954,SL2.40ch01_81280000_81380000,1,81280000,0.0004929888,1.094803
7955,SL2.40ch01_81290000_81390000,1,81290000,0.0005489488,1.077044
7956,SL2.40ch01_81300000_81400000,1,81300000,0.0004632801,1.126635
7957,SL2.40ch01_81310000_81410000,1,81310000,0.0005138577,1.066656
7960,SL2.40ch01_81340000_81440000,1,81340000,0.0005357086,1.118975
7961,SL2.40ch01_81350000_81450000,1,81350000,0.0005178204,1.217639
7962,SL2.40ch01_81360000_81460000,1,81360000,0.0004457251,1.331355
7963,SL2.40ch01_81370000_81470000,1,81370000,0.0003860785,1.398286
7964,SL2.40ch01_81380000_81480000,1,81380000,0.0002278289,1.481834
8009,SL2.40ch01_81830000_81930000,1,81830000,0.0007218747,1.24415
9273,SL2.40ch02_4370000_4470000,2,4370000,3.9604e-14,1.102613
9274,SL2.40ch02_4380000_4480000,2,4380000,3.9604e-14,1.102613
18496,SL2.40ch03_47450000_47550000,3,47450000,0.001035167,1.08519
18497,SL2.40ch03_47460000_47560000,3,47460000,0.00100434,1.133085
18508,SL2.40ch03_47570000_47670000,3,47570000,0.0004452907,2.644081
18509,SL2.40ch03_47580000_47680000,3,47580000,0.0004594402,2.504793
18510,SL2.40ch03_47590000_47690000,3,47590000,0.0006254385,2.137996
18511,SL2.40ch03_47600000_47700000,3,47600000,0.0005262503,1.85058
18512,SL2.40ch03_47610000_47710000,3,47610000,0.000541088,1.549753
18513,SL2.40ch03_47620000_47720000,3,47620000,0.0005222229,1.56
18514,SL2.40ch03_47630000_47730000,3,47630000,0.0005222229,1.56
18515,SL2.40ch03_47640000_47740000,3,47640000,0.0005286402,1.564426
18516,SL2.40ch03_47650000_47750000,3,47650000,0.0006078002,1.381077
18517,SL2.40ch03_47660000_47760000,3,47660000,0.0005722685,1.316171
18518,SL2.40ch03_47670000_47770000,3,47670000,0.0006004166,1.182698
18519,SL2.40ch03_47680000_47780000,3,47680000,0.00064223,1.113745
18520,SL2.40ch03_47690000_47790000,3,47690000,0.0005121967,1.159275
18521,SL2.40ch03_47700000_47800000,3,47700000,0.0005478485,1.077646
18589,SL2.40ch03_48380000_48480000,3,48380000,0.0009021944,1.084106
18590,SL2.40ch03_48390000_48490000,3,48390000,0.0006073531,1.158016
18591,SL2.40ch03_48400000_48500000,3,48400000,0.0004937954,1.209321
18592,SL2.40ch03_48410000_48510000,3,48410000,0.0004266111,1.283817
18593,SL2.40ch03_48420000_48520000,3,48420000,0.0004369921,1.311052
18594,SL2.40ch03_48430000_48530000,3,48430000,0.0004063939,1.30097
18595,SL2.40ch03_48440000_48540000,3,48440000,0.0005184461,1.275939
18596,SL2.40ch03_48450000_48550000,3,48450000,0.0004317594,1.247092
20099,SL2.40ch03_63560000_63660000,3,63560000,0.000861952,1.190542
20100,SL2.40ch03_63570000_63670000,3,63570000,0.0007395609,1.20222
20101,SL2.40ch03_63580000_63680000,3,63580000,0.0006356881,1.220222
20102,SL2.40ch03_63590000_63690000,3,63590000,0.0005996463,1.19854
20115,SL2.40ch03_63720000_63820000,3,63720000,0.001021265,1.258209
20176,SL2.40ch03_64330000_64430000,3,64330000,0.001014009,1.235219
20216,SL2.40ch03_64730000_64830000,3,64730000,0.001006992,1.879592
33142,SL2.40ch06_910000_1010000,6,910000,0.0007392926,1.113569
33143,SL2.40ch06_920000_1020000,6,920000,0.000713229,1.117921
63341,SL2.40ch10_62410000_62510000,10,62410000,0.001025976,1.050113
63342,SL2.40ch10_62420000_62520000,10,62420000,0.001032964,1.078174
63350,SL2.40ch10_62500000_62600000,10,62500000,0.0003067073,1.393476
63351,SL2.40ch10_62510000_62610000,10,62510000,0.0003450494,1.470127
63352,SL2.40ch10_62520000_62620000,10,62520000,0.0003603266,1.576686
63353,SL2.40ch10_62530000_62630000,10,62530000,0.0003687412,1.564155
63354,SL2.40ch10_62540000_62640000,10,62540000,0.0003996776,1.61948
63355,SL2.40ch10_62550000_62650000,10,62550000,0.0007273694,1.608193
63356,SL2.40ch10_62560000_62660000,10,62560000,0.0006281756,1.427195
63357,SL2.40ch10_62570000_62670000,10,62570000,0.0006139871,1.451852
63358,SL2.40ch10_62580000_62680000,10,62580000,0.000752203,1.412021
69176,SL2.40ch12_2800000_2900000,12,2800000,0.00081531,1.40557
69179,SL2.40ch12_2830000_2930000,12,2830000,0.0009444562,1.266639
69180,SL2.40ch12_2840000_2940000,12,2840000,0.0008883183,1.209451
